feature_name,available_at_decision_time,risk_level,explanation
yesterday_sales,YES,LOW,Yesterday's sales were already known when today's prediction was made.
last_7_days_sales,YES,LOW,Sales from the previous seven days were available before the prediction.
current_stock,YES,LOW,Current inventory was known at the time of prediction.
current_price,YES,LOW,The product price was already known when the prediction was made.
tomorrow_sales,NO,HIGH,Tomorrow's actual sales are only known after tomorrow happens.
next_week_sales,NO,HIGH,Next week's actual sales were not available when the prediction was made.
month_end_total_sales,NO,HIGH,The final month-end sales total becomes known only after the month ends.
final_monthly_revenue,NO,HIGH,Final monthly revenue is calculated after additional future sales are recorded.
yesterday_sales,YES,LOW,Yesterday's sales were already known when today's prediction was made.
